{
  "marketing_stripe": {
    "text": "Tá procurando algo e não encontrou? Nos chame no zap! Quem sabe não conseguimos o que procura.",
    "link": "",
    "background": "#eaab16",
    "color": "#fffdfd"
  },
  "contacts_stripe": {
    "pages": [
      {
        "title": "Sobre nós",
        "link": "/pages/sobre-nos"
      }
    ],
    "phone_wpp": true,
    "socials": true
  },
  "categories_list": {
    "featured": [
      "/playstation?PLAYSTATION",
      "/xbox?XBOX",
      "/nintendo?NINTENDO",
      "/consoles?CONSOLES",
      "/informatica?INFORMATICA",
      "/acessorios-em-geral?ACESSÓRIOS EM GERAL",
      "/colecionaveis?COLECIONÁVEIS",
      "/vestuario?VESTUÁRIO"
    ],
    "random": 6,
    "full_width": true
  },
  "desktop_megamenu": true,
  "search_input": true,
  "alphabetical_order_submenu": true,
  "full_width_submenu": true
}