{
  "meta_title": "Loja Geek, Camisetas de Filmes, Jogos, Animes e Series, Colecionáveis, Jogos e Acessórios ",
  "meta_description": "Loja Geek, Camisetas de Filmes, Jogos, Animes e Series, Colecionáveis, Jogos e Acessórios ",
  "sections": [
    {
      "type": "banner-slider",
      "autoplay": 9000,
      "full_width": true,
      "slides": [
        {
          "img": "/img/uploads/1.png",
          "link": "/https://startgamesitatiba.com.br/jogos-xbox-360",
          "alt": "Diversos títulos de jogos para Xbox 360 desbloqueado",
          "start": "",
          "end": "",
          "mobile_img": "/img/uploads/1.png"
        },
        {
          "start": "",
          "end": "",
          "img": "/img/uploads/2.png",
          "alt": "Banner sample two",
          "mobile_img": "/img/uploads/2.png",
          "link": "https://startgamesitatiba.com.br/consoles-playstation"
        },
        {
          "start": "",
          "end": "",
          "img": "/img/uploads/3.png",
          "mobile_img": "/img/uploads/3.png",
          "link": "https://startgamesitatiba.com.br/consoles-xbox",
          "alt": "Consoles Microsoft X Box"
        }
      ]
    },
    {
      "type": "info-bar",
      "enabled": true
    },
    {
      "type": "banners-grid",
      "banners": [
        {
          "img": "/img/uploads/5.png",
          "link": "https://startgamesitatiba.com.br/consoles",
          "alt": "",
          "mobile_img": "/img/uploads/5.png"
        },
        {
          "img": "/img/uploads/6.png",
          "mobile_img": "/img/uploads/6.png",
          "link": "https://startgamesitatiba.com.br/acessorios-em-geral"
        },
        {
          "img": "/img/uploads/colecionaveis.png",
          "mobile_img": "/img/uploads/colecionaveis.png",
          "link": "https://startgamesitatiba.com.br/colecionaveis"
        },
        {
          "img": "/img/uploads/vestuario.png",
          "mobile_img": "/img/uploads/vestuario.png",
          "link": "https://startgamesitatiba.com.br/vestuario"
        }
      ]
    },
    {
      "type": "brands-carousel",
      "limit": 24,
      "offset": 0,
      "autoplay": 4000
    },
    {
      "type": "collection-shelf",
      "shuffle": true,
      "collection_id": "62b9d367eb859112166878f0:categories:CONSOLES:/consoles",
      "sort": "offers",
      "title": "",
      "headless": false,
      "limit": 12,
      "page": 1
    },
    {
      "type": "collection-shelf",
      "shuffle": true,
      "limit": 12,
      "page": 2,
      "collection_id": "62276dc37963422eee35a946:categories:JOGOS PLAYSTATION 4:/jogos-playstation-4",
      "sort": "views"
    },
    {
      "type": "responsive-banner",
      "img": "/img/uploads/4.png",
      "mobile_img": "/img/uploads/4.png"
    },
    {
      "type": "custom-content",
      "markdown": "O﻿ produto que você procura, com preço justo, atendimento diferenciado e qualidade! Nos siga em nossas redes sociais e fique por dentro de nossas novidades e de quebra veja algumas dicas top sobre jogos, manutenção e outras coisas desse incrível mundo.\n\n@﻿startgamesitatiba"
    },
    {
      "type": "collection-shelf",
      "shuffle": true,
      "limit": 12,
      "page": 2,
      "collection_id": "620ab6507963422eee020058:categories:JOGOS PLAYSTATION 3:/jogos-playstation-3",
      "sort": "views"
    },
    {
      "type": "collection-shelf",
      "shuffle": true,
      "limit": 12,
      "page": 2,
      "collection_id": "620a5d2d7963422eee00eb1b:categories:JOGOS XBOX 360:/jogos-xbox-360",
      "sort": "views"
    },
    {
      "type": "collection-shelf",
      "shuffle": true,
      "limit": 12,
      "page": 1,
      "collection_id": "62c85bd1eb859112167db84d:categories:ACESSÓRIOS EM GERAL:/acessorios-em-geral",
      "sort": "views"
    },
    {
      "type": "collection-shelf",
      "shuffle": true,
      "limit": 12,
      "page": 2,
      "collection_id": "631f994e73321213f87258c1:categories:BONES:/bones",
      "sort": "sales"
    },
    {
      "type": "collection-shelf",
      "shuffle": true,
      "limit": 12,
      "page": 1,
      "sort": "views",
      "collection_id": "631f972b73321213f87252dd:categories:CAMISETAS:/camisetas"
    },
    {
      "type": "collection-shelf",
      "shuffle": true,
      "limit": 12,
      "page": 1,
      "collection_id": "63038c2206e88b07f53900ee:categories:COLECIONÁVEIS:/colecionaveis",
      "sort": "views"
    },
    {
      "type": "page-title",
      "title": "Start Games",
      "description": "Somos uma loja familiar, que veio se adaptando no decorrer dos tempos, mas sempre envolvida pelo aspecto Geek. Vivenciamos e até hoje temos uma excelente coleção de filmes e series, também passamos pelo boom que foram as LanHouses, e hoje somos uma loja de Games que busca trazer aos nossos clientes tudo que gostaríamos de ter quando crianças. Trabalhamos com camisetas, chaveiros, quadros, personagens em resina, canecas e outros itens na pegada Geek, abordando o mundo dos animes, series, jogos e filmes. "
    },
    {
      "type": "breadcrumbs",
      "enabled": true
    }
  ]
}