{
  "shipping": {
    "show": true,
    "text": "Entregamos para todo o Brasil",
    "title": "Gostou dos nossos produtos?! Então eles podem ser seus!!!"
  },
  "installments": {
    "show": true,
    "text": "",
    "title": "O item que você deseja, parcelado em até 12x sem juros"
  },
  "exchange": {
    "show": true,
    "text": "",
    "title": "Problemas com o seu produto? Nos chame no Zap que veremos a melhor opção para atendê-lo(a)"
  },
  "promo": {
    "show": false,
    "text": ""
  }
}