{
  "sections": [
    {
      "type": "breadcrumbs",
      "enabled": true
    },
    {
      "type": "product-block",
      "enabled": true,
      "size_guide": {
        "image": "",
        "title": ""
      }
    },
    {
      "type": "related-products",
      "title": "Produtos relacionados"
    },
    {
      "type": "recommended-products",
      "title": "Curtiu esse? Espere até ver esses, você vai pirar o cabeção"
    },
    {
      "type": "product-description",
      "enabled": true
    },
    {
      "type": "product-specifications",
      "enabled": true
    }
  ]
}